{
  "lang":"en",
  "name":"pipeline",
  "version":"0.0.0",
  "spacy_version":">=3.6.0,<3.7.0",
  "description":"",
  "author":"",
  "email":"",
  "url":"",
  "license":"",
  "spacy_git_version":"6fc153a26",
  "vectors":{
    "width":0,
    "vectors":0,
    "keys":0,
    "name":null,
    "mode":"default"
  },
  "labels":{
    "tok2vec":[

    ],
    "ner":[
      "CHEMICAL",
      "CHEMICALS",
      "DISEASE",
      "LAW",
      "MEDICAL DEVICE TECHNOLOGY"
    ]
  },
  "pipeline":[
    "tok2vec",
    "ner"
  ],
  "components":[
    "tok2vec",
    "ner"
  ],
  "disabled":[

  ],
  "performance":{
    "ents_f":0.9651474531,
    "ents_p":0.9694793537,
    "ents_r":0.9608540925,
    "ents_per_type":{
      "MEDICAL DEVICE TECHNOLOGY":{
        "p":0.9677419355,
        "r":0.989010989,
        "f":0.9782608696
      },
      "DISEASE":{
        "p":0.9649122807,
        "r":0.9593023256,
        "f":0.9620991254
      },
      "LAW":{
        "p":1.0,
        "r":0.9541284404,
        "f":0.9765258216
      },
      "CHEMICAL":{
        "p":0.8717948718,
        "r":0.9714285714,
        "f":0.9189189189
      },
      "CHEMICALS":{
        "p":1.0,
        "r":0.890625,
        "f":0.9421487603
      }
    },
    "tok2vec_loss":4541.6098658091,
    "ner_loss":838.1077203074
  }
}